-- =====================================================
-- FULL SAMPLE DATA - All Tables with Relationships
-- Database v2.0 - GearVN News Blog
-- =====================================================

-- Clear existing data (in correct order to avoid FK constraints)
DELETE FROM post_votes;
DELETE FROM comment_votes;
DELETE FROM bookmarks;
DELETE FROM user_follows;
DELETE FROM squad_members;
DELETE FROM user_badges;
DELETE FROM user_achievements;
DELETE FROM user_activity_logs;
DELETE FROM comments;
DELETE FROM post_products;
DELETE FROM post_tags;
DELETE FROM post_creators;
DELETE FROM posts;
DELETE FROM products;
DELETE FROM tags;
DELETE FROM squad_posts;
DELETE FROM squads;
DELETE FROM sources;
DELETE FROM creators;
DELETE FROM user_streaks;
DELETE FROM user_levels;
DELETE FROM user_preferences;
DELETE FROM user_profiles;
DELETE FROM users;
DELETE FROM badges;
DELETE FROM achievements;

-- =====================================================
-- 1. USERS (10 users)
-- =====================================================
INSERT INTO users (id, email, password_hash, username, role, status, created_at) VALUES
('550e8400-e29b-41d4-a716-446655440001', 'admin@gearvn.com', '$2a$10$rF8YvH0x7xKx9ZxKx9ZxKuO8ZxKx9ZxKx9ZxKx9ZxKx9ZxKx9ZxKx', 'admin', 'admin', 'active', NOW() - INTERVAL '6 months'),
('550e8400-e29b-41d4-a716-446655440002', 'user1@example.com', '$2a$10$rF8YvH0x7xKx9ZxKx9ZxKuO8ZxKx9ZxKx9ZxKx9ZxKx9ZxKx9ZxKx', 'techguru', 'user', 'active', NOW() - INTERVAL '5 months'),
('550e8400-e29b-41d4-a716-446655440003', 'user2@example.com', '$2a$10$rF8YvH0x7xKx9ZxKx9ZxKuO8ZxKx9ZxKx9ZxKx9ZxKx9ZxKx9ZxKx', 'gamerpro', 'user', 'active', NOW() - INTERVAL '4 months'),
('550e8400-e29b-41d4-a716-446655440004', 'user3@example.com', '$2a$10$rF8YvH0x7xKx9ZxKx9ZxKuO8ZxKx9ZxKx9ZxKx9ZxKx9ZxKx9ZxKx', 'pcbuilder', 'user', 'active', NOW() - INTERVAL '3 months'),
('550e8400-e29b-41d4-a716-446655440005', 'user4@example.com', '$2a$10$rF8YvH0x7xKx9ZxKx9ZxKuO8ZxKx9ZxKx9ZxKx9ZxKx9ZxKx9ZxKx', 'hardwarefan', 'user', 'active', NOW() - INTERVAL '2 months'),
('550e8400-e29b-41d4-a716-446655440006', 'user5@example.com', '$2a$10$rF8YvH0x7xKx9ZxKx9ZxKuO8ZxKx9ZxKx9ZxKx9ZxKx9ZxKx9ZxKx', 'reviewmaster', 'user', 'active', NOW() - INTERVAL '1 month'),
('550e8400-e29b-41d4-a716-446655440007', 'user6@example.com', '$2a$10$rF8YvH0x7xKx9ZxKx9ZxKuO8ZxKx9ZxKx9ZxKx9ZxKx9ZxKx9ZxKx', 'newbie123', 'user', 'active', NOW() - INTERVAL '15 days'),
('550e8400-e29b-41d4-a716-446655440008', 'user7@example.com', '$2a$10$rF8YvH0x7xKx9ZxKx9ZxKuO8ZxKx9ZxKx9ZxKx9ZxKx9ZxKx9ZxKx', 'enthusiast', 'user', 'active', NOW() - INTERVAL '7 days'),
('550e8400-e29b-41d4-a716-446655440009', 'user8@example.com', '$2a$10$rF8YvH0x7xKx9ZxKx9ZxKuO8ZxKx9ZxKx9ZxKx9ZxKx9ZxKx9ZxKx', 'veteran', 'user', 'active', NOW() - INTERVAL '3 days'),
('550e8400-e29b-41d4-a716-446655440010', 'user9@example.com', '$2a$10$rF8YvH0x7xKx9ZxKx9ZxKuO8ZxKx9ZxKx9ZxKx9ZxKx9ZxKx9ZxKx', 'explorer', 'user', 'active', NOW() - INTERVAL '1 day');

-- User Profiles
INSERT INTO user_profiles (user_id, display_name, bio, avatar_url) VALUES
('550e8400-e29b-41d4-a716-446655440001', 'Admin GearVN', 'Admin của GearVN Blog', 'https://i.pravatar.cc/150?u=admin'),
('550e8400-e29b-41d4-a716-446655440002', 'Tech Guru', 'Đam mê công nghệ và gaming', 'https://i.pravatar.cc/150?u=user1'),
('550e8400-e29b-41d4-a716-446655440003', 'Gamer Pro', 'Chuyên gia về gaming gear', 'https://i.pravatar.cc/150?u=user2'),
('550e8400-e29b-41d4-a716-446655440004', 'PC Builder', 'Xây dựng PC là đam mê', 'https://i.pravatar.cc/150?u=user3'),
('550e8400-e29b-41d4-a716-446655440005', 'Hardware Fan', 'Yêu thích phần cứng máy tính', 'https://i.pravatar.cc/150?u=user4'),
('550e8400-e29b-41d4-a716-446655440006', 'Review Master', 'Reviewer chuyên nghiệp', 'https://i.pravatar.cc/150?u=user5'),
('550e8400-e29b-41d4-a716-446655440007', 'Newbie', 'Người mới bắt đầu', 'https://i.pravatar.cc/150?u=user6'),
('550e8400-e29b-41d4-a716-446655440008', 'Enthusiast', 'Người đam mê công nghệ', 'https://i.pravatar.cc/150?u=user7'),
('550e8400-e29b-41d4-a716-446655440009', 'Veteran', 'Lão làng trong làng game', 'https://i.pravatar.cc/150?u=user8'),
('550e8400-e29b-41d4-a716-446655440010', 'Explorer', 'Khám phá công nghệ mới', 'https://i.pravatar.cc/150?u=user9');

-- User Preferences
INSERT INTO user_preferences (user_id, theme, notifications_enabled) VALUES
('550e8400-e29b-41d4-a716-446655440001', 'dark', true),
('550e8400-e29b-41d4-a716-446655440002', 'dark', true),
('550e8400-e29b-41d4-a716-446655440003', 'light', true),
('550e8400-e29b-41d4-a716-446655440004', 'dark', false),
('550e8400-e29b-41d4-a716-446655440005', 'dark', true),
('550e8400-e29b-41d4-a716-446655440006', 'light', true),
('550e8400-e29b-41d4-a716-446655440007', 'dark', true),
('550e8400-e29b-41d4-a716-446655440008', 'dark', false),
('550e8400-e29b-41d4-a716-446655440009', 'light', true),
('550e8400-e29b-41d4-a716-446655440010', 'dark', true);

-- User Levels (Gamification)
INSERT INTO user_levels (user_id, level, total_xp) VALUES
('550e8400-e29b-41d4-a716-446655440001', 10, 5000),
('550e8400-e29b-41d4-a716-446655440002', 8, 3200),
('550e8400-e29b-41d4-a716-446655440003', 7, 2500),
('550e8400-e29b-41d4-a716-446655440004', 6, 1800),
('550e8400-e29b-41d4-a716-446655440005', 5, 1200),
('550e8400-e29b-41d4-a716-446655440006', 4, 800),
('550e8400-e29b-41d4-a716-446655440007', 2, 300),
('550e8400-e29b-41d4-a716-446655440008', 3, 500),
('550e8400-e29b-41d4-a716-446655440009', 5, 1000),
('550e8400-e29b-41d4-a716-446655440010', 1, 100);

-- User Streaks
INSERT INTO user_streaks (user_id, current_streak, longest_streak, last_activity_date) VALUES
('550e8400-e29b-41d4-a716-446655440001', 30, 45, CURRENT_DATE),
('550e8400-e29b-41d4-a716-446655440002', 15, 20, CURRENT_DATE),
('550e8400-e29b-41d4-a716-446655440003', 10, 15, CURRENT_DATE - INTERVAL '1 day'),
('550e8400-e29b-41d4-a716-446655440004', 7, 10, CURRENT_DATE),
('550e8400-e29b-41d4-a716-446655440005', 5, 8, CURRENT_DATE),
('550e8400-e29b-41d4-a716-446655440006', 3, 5, CURRENT_DATE - INTERVAL '2 days'),
('550e8400-e29b-41d4-a716-446655440007', 1, 2, CURRENT_DATE),
('550e8400-e29b-41d4-a716-446655440008', 2, 3, CURRENT_DATE),
('550e8400-e29b-41d4-a716-446655440009', 8, 12, CURRENT_DATE),
('550e8400-e29b-41d4-a716-446655440010', 1, 1, CURRENT_DATE);

-- =====================================================
-- 2. CREATORS (5 creators - YouTubers/Bloggers)
-- =====================================================
INSERT INTO creators (id, name, slug, description, avatar_url, banner_url, verified, website_url, total_followers, created_at) VALUES
('650e8400-e29b-41d4-a716-446655440001', 'Scrapshut', 'scrapshut', 'Kênh YouTube review công nghệ hàng đầu Việt Nam', 'https://yt3.googleusercontent.com/ytc/AIdro_k8xK5k', 'https://yt3.googleusercontent.com/banner/scrapshut', true, 'https://www.youtube.com/@scrapshut', 150000, NOW() - INTERVAL '2 years'),
('650e8400-e29b-41d4-a716-446655440002', 'Linus Tech Tips', 'linus-tech-tips', 'Tech reviews and PC building guides', 'https://yt3.googleusercontent.com/ytc/ltt', 'https://yt3.googleusercontent.com/banner/ltt', true, 'https://www.youtube.com/@LinusTechTips', 15000000, NOW() - INTERVAL '5 years'),
('650e8400-e29b-41d4-a716-446655440003', 'Gamers Nexus', 'gamers-nexus', 'In-depth hardware analysis and benchmarks', 'https://yt3.googleusercontent.com/ytc/gn', 'https://yt3.googleusercontent.com/banner/gn', true, 'https://www.youtube.com/@GamersNexus', 2000000, NOW() - INTERVAL '4 years'),
('650e8400-e29b-41d4-a716-446655440004', 'JayzTwoCents', 'jayztwocents', 'PC building and custom water cooling', 'https://yt3.googleusercontent.com/ytc/jay', 'https://yt3.googleusercontent.com/banner/jay', true, 'https://www.youtube.com/@JayzTwoCents', 3500000, NOW() - INTERVAL '3 years'),
('650e8400-e29b-41d4-a716-446655440005', 'Hardware Unboxed', 'hardware-unboxed', 'Honest GPU and CPU reviews', 'https://yt3.googleusercontent.com/ytc/hwu', 'https://yt3.googleusercontent.com/banner/hwu', true, 'https://www.youtube.com/@HardwareUnboxed', 1800000, NOW() - INTERVAL '3 years');

-- Creator Socials
INSERT INTO creator_socials (creator_id, platform, url, follower_count) VALUES
('650e8400-e29b-41d4-a716-446655440001', 'youtube', 'https://www.youtube.com/@scrapshut', 150000),
('650e8400-e29b-41d4-a716-446655440001', 'facebook', 'https://www.facebook.com/scrapshut', 50000),
('650e8400-e29b-41d4-a716-446655440002', 'youtube', 'https://www.youtube.com/@LinusTechTips', 15000000),
('650e8400-e29b-41d4-a716-446655440002', 'twitter', 'https://twitter.com/linustech', 2000000),
('650e8400-e29b-41d4-a716-446655440003', 'youtube', 'https://www.youtube.com/@GamersNexus', 2000000),
('650e8400-e29b-41d4-a716-446655440004', 'youtube', 'https://www.youtube.com/@JayzTwoCents', 3500000),
('650e8400-e29b-41d4-a716-446655440005', 'youtube', 'https://www.youtube.com/@HardwareUnboxed', 1800000);

-- =====================================================
-- 3. TAGS (15 tags)
-- =====================================================
INSERT INTO tags (id, name, slug, description, icon_name, post_count) VALUES
('850e8400-e29b-41d4-a716-446655440001', 'Gaming', 'gaming', 'Gaming hardware and accessories', 'gamepad-2', 0),
('850e8400-e29b-41d4-a716-446655440002', 'PC Build', 'pc-build', 'PC building guides and tips', 'cpu', 0),
('850e8400-e29b-41d4-a716-446655440003', 'Laptop', 'laptop', 'Laptop reviews and comparisons', 'laptop', 0),
('850e8400-e29b-41d4-a716-446655440004', 'GPU', 'gpu', 'Graphics cards reviews', 'box', 0),
('850e8400-e29b-41d4-a716-446655440005', 'CPU', 'cpu', 'Processor reviews and benchmarks', 'cpu', 0),
('850e8400-e29b-41d4-a716-446655440006', 'Mouse', 'mouse', 'Gaming mouse reviews', 'mouse', 0),
('850e8400-e29b-41d4-a716-446655440007', 'Keyboard', 'keyboard', 'Mechanical keyboard reviews', 'keyboard', 0),
('850e8400-e29b-41d4-a716-446655440008', 'Monitor', 'monitor', 'Monitor reviews and guides', 'monitor', 0),
('850e8400-e29b-41d4-a716-446655440009', 'Storage', 'storage', 'SSD and HDD reviews', 'hard-drive', 0),
('850e8400-e29b-41d4-a716-446655440010', 'RAM', 'ram', 'Memory reviews', 'microchip', 0),
('850e8400-e29b-41d4-a716-446655440011', 'Cooling', 'cooling', 'PC cooling solutions', 'wind', 0),
('850e8400-e29b-41d4-a716-446655440012', 'Case', 'case', 'PC case reviews', 'box', 0),
('850e8400-e29b-41d4-a716-446655440013', 'PSU', 'psu', 'Power supply reviews', 'zap', 0),
('850e8400-e29b-41d4-a716-446655440014', 'Audio', 'audio', 'Headsets and speakers', 'headphones', 0),
('850e8400-e29b-41d4-a716-446655440015', 'Tutorial', 'tutorial', 'How-to guides', 'book-open', 0);

-- =====================================================
-- 4. PRODUCTS (10 products)
-- =====================================================
INSERT INTO products (id, name, slug, brand, price, description, image_url, gearvn_url) VALUES
('b50e8400-e29b-41d4-a716-446655440001', 'ASUS ROG Strix G15 Gaming Laptop', 'asus-rog-strix-g15', 'ASUS', 35990000, 'Laptop gaming cao cấp với RTX 4060', 'https://gearvn.com/wp-content/uploads/2024/01/asus-rog-g15.jpg', 'https://gearvn.com/products/laptop-asus-rog-strix-g15'),
('b50e8400-e29b-41d4-a716-446655440002', 'Logitech G Pro X Superlight', 'logitech-g-pro-x-superlight', 'Logitech', 3290000, 'Chuột gaming không dây siêu nhẹ', 'https://gearvn.com/wp-content/uploads/2024/01/gpro-superlight.jpg', 'https://gearvn.com/products/chuot-logitech-g-pro-x-superlight'),
('b50e8400-e29b-41d4-a716-446655440003', 'Razer BlackWidow V4 Pro', 'razer-blackwidow-v4-pro', 'Razer', 5990000, 'Bàn phím cơ gaming cao cấp', 'https://gearvn.com/wp-content/uploads/2024/01/razer-bw-v4.jpg', 'https://gearvn.com/products/razer-blackwidow-v4-pro'),
('b50e8400-e29b-41d4-a716-446655440004', 'NVIDIA GeForce RTX 4090', 'nvidia-rtx-4090', 'NVIDIA', 45990000, 'Card đồ họa mạnh nhất hiện nay', 'https://gearvn.com/wp-content/uploads/2024/01/rtx-4090.jpg', 'https://gearvn.com/products/nvidia-rtx-4090'),
('b50e8400-e29b-41d4-a716-446655440005', 'AMD Ryzen 9 7950X', 'amd-ryzen-9-7950x', 'AMD', 15990000, 'CPU 16 nhân 32 luồng', 'https://gearvn.com/wp-content/uploads/2024/01/ryzen-9-7950x.jpg', 'https://gearvn.com/products/amd-ryzen-9-7950x'),
('b50e8400-e29b-41d4-a716-446655440006', 'Samsung 990 PRO 2TB', 'samsung-990-pro-2tb', 'Samsung', 5490000, 'SSD NVMe Gen 4 tốc độ cao', 'https://gearvn.com/wp-content/uploads/2024/01/990-pro.jpg', 'https://gearvn.com/products/samsung-990-pro-2tb'),
('b50e8400-e29b-41d4-a716-446655440007', 'Corsair Dominator Platinum RGB 32GB', 'corsair-dominator-32gb', 'Corsair', 4290000, 'RAM DDR5 6000MHz', 'https://gearvn.com/wp-content/uploads/2024/01/dominator.jpg', 'https://gearvn.com/products/corsair-dominator-32gb'),
('b50e8400-e29b-41d4-a716-446655440008', 'LG UltraGear 27GN950', 'lg-ultragear-27gn950', 'LG', 12990000, 'Màn hình 4K 144Hz', 'https://gearvn.com/wp-content/uploads/2024/01/lg-27gn950.jpg', 'https://gearvn.com/products/lg-ultragear-27gn950'),
('b50e8400-e29b-41d4-a716-446655440009', 'NZXT Kraken X73', 'nzxt-kraken-x73', 'NZXT', 4990000, 'Tản nhiệt nước AIO 360mm', 'https://gearvn.com/wp-content/uploads/2024/01/kraken-x73.jpg', 'https://gearvn.com/products/nzxt-kraken-x73'),
('b50e8400-e29b-41d4-a716-446655440010', 'HyperX Cloud Alpha Wireless', 'hyperx-cloud-alpha', 'HyperX', 4590000, 'Tai nghe gaming không dây', 'https://gearvn.com/wp-content/uploads/2024/01/cloud-alpha.jpg', 'https://gearvn.com/products/hyperx-cloud-alpha-wireless');

-- =====================================================
-- 5. SOURCES (Content sources - YouTube, RSS)
-- =====================================================
INSERT INTO sources (id, name, type, url, fetch_frequency, is_active, created_at) VALUES
('750e8400-e29b-41d4-a716-446655440001', 'Scrapshut YouTube', 'youtube', 'https://www.youtube.com/@scrapshut', 'daily', true, NOW()),
('750e8400-e29b-41d4-a716-446655440002', 'Linus Tech Tips YouTube', 'youtube', 'https://www.youtube.com/@LinusTechTips', 'daily', true, NOW()),
('750e8400-e29b-41d4-a716-446655440003', 'Gamers Nexus YouTube', 'youtube', 'https://www.youtube.com/@GamersNexus', 'daily', true, NOW()),
('750e8400-e29b-41d4-a716-446655440004', 'Tom''s Hardware RSS', 'rss', 'https://www.tomshardware.com/feeds/all', 'hourly', true, NOW()),
('750e8400-e29b-41d4-a716-446655440005', 'AnandTech RSS', 'rss', 'https://www.anandtech.com/rss/', 'hourly', true, NOW());

-- =====================================================
-- 6. POSTS (20 posts with various types)
-- =====================================================
INSERT INTO posts (id, title, slug, description, content, thumbnail_url, type, status, featured, source_id, upvote_count, downvote_count, comment_count, view_count, created_at, published_at) VALUES
-- Post 1
('c50e8400-e29b-41d4-a716-446655440001',
'Đánh giá chi tiết ASUS ROG Strix G15: Laptop gaming đáng đồng tiền',
'danh-gia-asus-rog-strix-g15',
'Review toàn diện về laptop gaming ASUS ROG Strix G15 với hiệu năng mạnh mẽ',
'<h2>Thiết kế và xây dựng</h2><p>ASUS ROG Strix G15 có thiết kế gaming đặc trưng với các đường nét sắc cạnh...</p>',
'https://gearvn.com/wp-content/uploads/2024/01/asus-rog-g15.jpg',
'review', 'published', true, '750e8400-e29b-41d4-a716-446655440001',
25, 2, 8, 1250, NOW() - INTERVAL '5 days', NOW() - INTERVAL '5 days'),

-- Post 2
('c50e8400-e29b-41d4-a716-446655440002',
'Top 5 chuột gaming tốt nhất 2024',
'top-5-chuot-gaming-tot-nhat-2024',
'Video tổng hợp 5 con chuột gaming đáng mua nhất năm 2024',
'<h2>Danh sách top 5</h2><p>1. Logitech G Pro X Superlight...</p>',
'https://i.ytimg.com/vi/xyz123/maxresdefault.jpg',
'video', 'published', true, '750e8400-e29b-41d4-a716-446655440001',
42, 1, 15, 3200, NOW() - INTERVAL '4 days', NOW() - INTERVAL '4 days'),

-- Post 3
('c50e8400-e29b-41d4-a716-446655440003',
'Hướng dẫn build PC gaming 30 triệu',
'huong-dan-build-pc-gaming-30-trieu',
'Hướng dẫn chi tiết cách build PC gaming với budget 30 triệu',
'<h2>Linh kiện gợi ý</h2><p>CPU: AMD Ryzen 5 7600X...</p>',
'https://gearvn.com/wp-content/uploads/2024/01/pc-build-30m.jpg',
'article', 'published', false, '750e8400-e29b-41d4-a716-446655440001',
38, 3, 22, 2800, NOW() - INTERVAL '3 days', NOW() - INTERVAL '3 days'),

-- Post 4
('c50e8400-e29b-41d4-a716-446655440004',
'RTX 4090 vs RTX 4080: So sánh hiệu năng',
'rtx-4090-vs-rtx-4080',
'So sánh chi tiết hiệu năng giữa RTX 4090 và RTX 4080',
'<h2>Benchmark kết quả</h2><p>Trong các game AAA...</p>',
'https://gearvn.com/wp-content/uploads/2024/01/rtx-comparison.jpg',
'review', 'published', true, '750e8400-e29b-41d4-a716-446655440002',
56, 4, 31, 4500, NOW() - INTERVAL '7 days', NOW() - INTERVAL '7 days'),

-- Post 5
('c50e8400-e29b-41d4-a716-446655440005',
'AMD Ryzen 9 7950X: Bá chủ CPU 2024',
'amd-ryzen-9-7950x-review',
'Đánh giá CPU AMD Ryzen 9 7950X - sức mạnh 16 nhân',
'<h2>Hiệu năng</h2><p>Với 16 nhân 32 luồng...</p>',
'https://gearvn.com/wp-content/uploads/2024/01/7950x-review.jpg',
'review', 'published', true, '750e8400-e29b-41d4-a716-446655440003',
48, 2, 19, 3800, NOW() - INTERVAL '6 days', NOW() - INTERVAL '6 days'),

-- Post 6
('c50e8400-e29b-41d4-a716-446655440006',
'Bàn phím cơ cho người mới: Hướng dẫn chọn mua',
'ban-phim-co-cho-nguoi-moi',
'Tất cả những gì bạn cần biết về bàn phím cơ',
'<h2>Các loại switch</h2><p>Cherry MX Blue, Red, Brown...</p>',
'https://gearvn.com/wp-content/uploads/2024/01/mechanical-kb.jpg',
'article', 'published', false, '750e8400-e29b-41d4-a716-446655440001',
31, 1, 12, 1900, NOW() - INTERVAL '2 days', NOW() - INTERVAL '2 days'),

-- Post 7
('c50e8400-e29b-41d4-a716-446655440007',
'Màn hình gaming 4K 144Hz: Đáng giá đầu tư?',
'man-hinh-4k-144hz',
'Phân tích có nên mua màn hình 4K 144Hz không',
'<h2>Ưu điểm</h2><p>Độ phân giải cao...</p>',
'https://gearvn.com/wp-content/uploads/2024/01/4k-monitor.jpg',
'article', 'published', false, '750e8400-e29b-41d4-a716-446655440002',
29, 5, 17, 2100, NOW() - INTERVAL '8 days', NOW() - INTERVAL '8 days'),

-- Post 8
('c50e8400-e29b-41d4-a716-446655440008',
'SSD NVMe Gen 4 vs Gen 3: Có khác biệt?',
'ssd-nvme-gen4-vs-gen3',
'So sánh tốc độ và hiệu năng giữa SSD Gen 4 và Gen 3',
'<h2>Tốc độ đọc/ghi</h2><p>Gen 4 nhanh hơn gấp đôi...</p>',
'https://gearvn.com/wp-content/uploads/2024/01/ssd-comparison.jpg',
'article', 'published', false, '750e8400-e29b-41d4-a716-446655440003',
22, 2, 9, 1600, NOW() - INTERVAL '1 day', NOW() - INTERVAL '1 day'),

-- Post 9
('c50e8400-e29b-41d4-a716-446655440009',
'Tản nhiệt nước vs Tản nhiệt khí: Nên chọn loại nào?',
'tan-nhiet-nuoc-vs-khi',
'Phân tích ưu nhược điểm của tản nhiệt nước và khí',
'<h2>Tản nhiệt khí</h2><p>Đơn giản, bền bỉ...</p>',
'https://gearvn.com/wp-content/uploads/2024/01/cooling.jpg',
'article', 'published', false, '750e8400-e29b-41d4-a716-446655440004',
35, 3, 14, 2400, NOW() - INTERVAL '9 days', NOW() - INTERVAL '9 days'),

-- Post 10
('c50e8400-e29b-41d4-a716-446655440010',
'Tai nghe gaming không dây tốt nhất 2024',
'tai-nghe-gaming-khong-day-2024',
'Top tai nghe gaming không dây đáng mua',
'<h2>HyperX Cloud Alpha Wireless</h2><p>Pin 300 giờ...</p>',
'https://gearvn.com/wp-content/uploads/2024/01/wireless-headset.jpg',
'video', 'published', true, '750e8400-e29b-41d4-a716-446655440001',
41, 2, 18, 3100, NOW() - INTERVAL '10 days', NOW() - INTERVAL '10 days'),

-- Post 11-20 (shorter entries)
('c50e8400-e29b-41d4-a716-446655440011', 'RAM DDR5 có cần thiết cho gaming?', 'ram-ddr5-cho-gaming', 'Phân tích hiệu năng RAM DDR5 trong gaming', '<p>DDR5 vs DDR4...</p>', 'https://gearvn.com/wp-content/uploads/2024/01/ram.jpg', 'article', 'published', false, '750e8400-e29b-41d4-a716-446655440005', 18, 1, 7, 1200, NOW() - INTERVAL '11 days', NOW() - INTERVAL '11 days'),
('c50e8400-e29b-41d4-a716-446655440012', 'Case PC đẹp giá rẻ dưới 2 triệu', 'case-pc-dep-gia-re', 'Top case PC đẹp trong tầm giá', '<p>Danh sách case...</p>', 'https://gearvn.com/wp-content/uploads/2024/01/case.jpg', 'article', 'published', false, NULL, 27, 2, 11, 1800, NOW() - INTERVAL '12 days', NOW() - INTERVAL '12 days'),
('c50e8400-e29b-41d4-a716-446655440013', 'Nguồn máy tính: Chọn công suất bao nhiêu?', 'nguon-may-tinh-cong-suat', 'Hướng dẫn chọn nguồn phù hợp', '<p>Cách tính công suất...</p>', 'https://gearvn.com/wp-content/uploads/2024/01/psu.jpg', 'article', 'published', false, NULL, 24, 1, 8, 1500, NOW() - INTERVAL '13 days', NOW() - INTERVAL '13 days'),
('c50e8400-e29b-41d4-a716-446655440014', 'Logitech G Pro X Superlight 2: Có đáng nâng cấp?', 'gpro-superlight-2-review', 'Review chuột gaming mới nhất', '<p>Cải tiến mới...</p>', 'https://gearvn.com/wp-content/uploads/2024/01/gpro2.jpg', 'review', 'published', true, '750e8400-e29b-41d4-a716-446655440001', 52, 3, 23, 4200, NOW() - INTERVAL '14 days', NOW() - INTERVAL '14 days'),
('c50e8400-e29b-41d4-a716-446655440015', 'Intel vs AMD 2024: Nên chọn hãng nào?', 'intel-vs-amd-2024', 'So sánh CPU Intel và AMD năm 2024', '<p>Hiệu năng và giá cả...</p>', 'https://gearvn.com/wp-content/uploads/2024/01/cpu-compare.jpg', 'article', 'published', true, '750e8400-e29b-41d4-a716-446655440003', 61, 8, 34, 5100, NOW() - INTERVAL '15 days', NOW() - INTERVAL '15 days'),
('c50e8400-e29b-41d4-a716-446655440016', 'Overclocking CPU: Hướng dẫn cho người mới', 'overclocking-cpu-guide', 'Hướng dẫn ép xung CPU an toàn', '<p>Bước 1: Vào BIOS...</p>', 'https://gearvn.com/wp-content/uploads/2024/01/oc.jpg', 'tutorial', 'published', false, '750e8400-e29b-41d4-a716-446655440004', 33, 2, 16, 2200, NOW() - INTERVAL '16 days', NOW() - INTERVAL '16 days'),
('c50e8400-e29b-41d4-a716-446655440017', 'RGB Lighting: Cần thiết hay chỉ để chơi?', 'rgb-lighting-pc', 'Phân tích về RGB trong PC', '<p>Ưu điểm của RGB...</p>', 'https://gearvn.com/wp-content/uploads/2024/01/rgb.jpg', 'article', 'published', false, NULL, 19, 4, 21, 1400, NOW() - INTERVAL '17 days', NOW() - INTERVAL '17 days'),
('c50e8400-e29b-41d4-a716-446655440018', 'Cable Management: Sắp xếp dây điện đẹp', 'cable-management-guide', 'Hướng dẫn sắp xếp dây cáp trong case', '<p>Tips để dây gọn gàng...</p>', 'https://gearvn.com/wp-content/uploads/2024/01/cable.jpg', 'tutorial', 'published', false, NULL, 28, 1, 10, 1700, NOW() - INTERVAL '18 days', NOW() - INTERVAL '18 days'),
('c50e8400-e29b-41d4-a716-446655440019', 'Laptop gaming vs PC gaming: Nên chọn gì?', 'laptop-vs-pc-gaming', 'So sánh ưu nhược điểm', '<p>Tính di động vs Hiệu năng...</p>', 'https://gearvn.com/wp-content/uploads/2024/01/laptop-vs-pc.jpg', 'article', 'published', false, '750e8400-e29b-41d4-a716-446655440005', 45, 6, 28, 3600, NOW() - INTERVAL '19 days', NOW() - INTERVAL '19 days'),
('c50e8400-e29b-41d4-a716-446655440020', 'Bảo dưỡng PC: Những việc nên làm hàng tháng', 'bao-duong-pc', 'Hướng dẫn bảo dưỡng máy tính', '<p>Vệ sinh bụi...</p>', 'https://gearvn.com/wp-content/uploads/2024/01/maintenance.jpg', 'tutorial', 'published', false, NULL, 36, 2, 13, 2500, NOW() - INTERVAL '20 days', NOW() - INTERVAL '20 days');

-- =====================================================
-- 7. POST RELATIONSHIPS (Creators, Tags, Products)
-- =====================================================

-- Post-Creators (Many-to-many)
INSERT INTO post_creators (post_id, creator_id) VALUES
('c50e8400-e29b-41d4-a716-446655440001', '650e8400-e29b-41d4-a716-446655440001'),
('c50e8400-e29b-41d4-a716-446655440002', '650e8400-e29b-41d4-a716-446655440001'),
('c50e8400-e29b-41d4-a716-446655440003', '650e8400-e29b-41d4-a716-446655440001'),
('c50e8400-e29b-41d4-a716-446655440004', '650e8400-e29b-41d4-a716-446655440002'),
('c50e8400-e29b-41d4-a716-446655440005', '650e8400-e29b-41d4-a716-446655440003'),
('c50e8400-e29b-41d4-a716-446655440006', '650e8400-e29b-41d4-a716-446655440001'),
('c50e8400-e29b-41d4-a716-446655440007', '650e8400-e29b-41d4-a716-446655440002'),
('c50e8400-e29b-41d4-a716-446655440008', '650e8400-e29b-41d4-a716-446655440003'),
('c50e8400-e29b-41d4-a716-446655440009', '650e8400-e29b-41d4-a716-446655440004'),
('c50e8400-e29b-41d4-a716-446655440010', '650e8400-e29b-41d4-a716-446655440001'),
('c50e8400-e29b-41d4-a716-446655440011', '650e8400-e29b-41d4-a716-446655440005'),
('c50e8400-e29b-41d4-a716-446655440014', '650e8400-e29b-41d4-a716-446655440001'),
('c50e8400-e29b-41d4-a716-446655440015', '650e8400-e29b-41d4-a716-446655440003'),
('c50e8400-e29b-41d4-a716-446655440016', '650e8400-e29b-41d4-a716-446655440004'),
('c50e8400-e29b-41d4-a716-446655440019', '650e8400-e29b-41d4-a716-446655440005');

-- Post-Tags (Many-to-many)
INSERT INTO post_tags (post_id, tag_id) VALUES
-- Post 1: ASUS ROG
('c50e8400-e29b-41d4-a716-446655440001', '850e8400-e29b-41d4-a716-446655440001'), -- Gaming
('c50e8400-e29b-41d4-a716-446655440001', '850e8400-e29b-41d4-a716-446655440003'), -- Laptop
-- Post 2: Top 5 chuột
('c50e8400-e29b-41d4-a716-446655440002', '850e8400-e29b-41d4-a716-446655440001'), -- Gaming
('c50e8400-e29b-41d4-a716-446655440002', '850e8400-e29b-41d4-a716-446655440006'), -- Mouse
-- Post 3: Build PC 30m
('c50e8400-e29b-41d4-a716-446655440003', '850e8400-e29b-41d4-a716-446655440002'), -- PC Build
('c50e8400-e29b-41d4-a716-446655440003', '850e8400-e29b-41d4-a716-446655440015'), -- Tutorial
-- Post 4: RTX comparison
('c50e8400-e29b-41d4-a716-446655440004', '850e8400-e29b-41d4-a716-446655440004'), -- GPU
('c50e8400-e29b-41d4-a716-446655440004', '850e8400-e29b-41d4-a716-446655440001'), -- Gaming
-- Post 5: Ryzen 7950X
('c50e8400-e29b-41d4-a716-446655440005', '850e8400-e29b-41d4-a716-446655440005'), -- CPU
-- Post 6: Bàn phím cơ
('c50e8400-e29b-41d4-a716-446655440006', '850e8400-e29b-41d4-a716-446655440007'), -- Keyboard
('c50e8400-e29b-41d4-a716-446655440006', '850e8400-e29b-41d4-a716-446655440015'), -- Tutorial
-- Post 7: Màn hình 4K
('c50e8400-e29b-41d4-a716-446655440007', '850e8400-e29b-41d4-a716-446655440008'), -- Monitor
('c50e8400-e29b-41d4-a716-446655440007', '850e8400-e29b-41d4-a716-446655440001'), -- Gaming
-- Post 8: SSD comparison
('c50e8400-e29b-41d4-a716-446655440008', '850e8400-e29b-41d4-a716-446655440009'), -- Storage
-- Post 9: Tản nhiệt
('c50e8400-e29b-41d4-a716-446655440009', '850e8400-e29b-41d4-a716-446655440011'), -- Cooling
('c50e8400-e29b-41d4-a716-446655440009', '850e8400-e29b-41d4-a716-446655440002'), -- PC Build
-- Post 10: Tai nghe
('c50e8400-e29b-41d4-a716-446655440010', '850e8400-e29b-41d4-a716-446655440014'), -- Audio
('c50e8400-e29b-41d4-a716-446655440010', '850e8400-e29b-41d4-a716-446655440001'), -- Gaming
-- Post 11-20
('c50e8400-e29b-41d4-a716-446655440011', '850e8400-e29b-41d4-a716-446655440010'), -- RAM
('c50e8400-e29b-41d4-a716-446655440012', '850e8400-e29b-41d4-a716-446655440012'), -- Case
('c50e8400-e29b-41d4-a716-446655440013', '850e8400-e29b-41d4-a716-446655440013'), -- PSU
('c50e8400-e29b-41d4-a716-446655440014', '850e8400-e29b-41d4-a716-446655440006'), -- Mouse
('c50e8400-e29b-41d4-a716-446655440015', '850e8400-e29b-41d4-a716-446655440005'), -- CPU
('c50e8400-e29b-41d4-a716-446655440016', '850e8400-e29b-41d4-a716-446655440005'), -- CPU
('c50e8400-e29b-41d4-a716-446655440016', '850e8400-e29b-41d4-a716-446655440015'), -- Tutorial
('c50e8400-e29b-41d4-a716-446655440019', '850e8400-e29b-41d4-a716-446655440001'), -- Gaming
('c50e8400-e29b-41d4-a716-446655440019', '850e8400-e29b-41d4-a716-446655440003'); -- Laptop

-- Post-Products (Products mentioned in posts)
INSERT INTO post_products (post_id, product_id) VALUES
('c50e8400-e29b-41d4-a716-446655440001', 'b50e8400-e29b-41d4-a716-446655440001'), -- ASUS ROG
('c50e8400-e29b-41d4-a716-446655440002', 'b50e8400-e29b-41d4-a716-446655440002'), -- Logitech Mouse
('c50e8400-e29b-41d4-a716-446655440004', 'b50e8400-e29b-41d4-a716-446655440004'), -- RTX 4090
('c50e8400-e29b-41d4-a716-446655440005', 'b50e8400-e29b-41d4-a716-446655440005'), -- Ryzen 7950X
('c50e8400-e29b-41d4-a716-446655440006', 'b50e8400-e29b-41d4-a716-446655440003'), -- Razer Keyboard
('c50e8400-e29b-41d4-a716-446655440007', 'b50e8400-e29b-41d4-a716-446655440008'), -- LG Monitor
('c50e8400-e29b-41d4-a716-446655440008', 'b50e8400-e29b-41d4-a716-446655440006'), -- Samsung SSD
('c50e8400-e29b-41d4-a716-446655440009', 'b50e8400-e29b-41d4-a716-446655440009'), -- NZXT Cooler
('c50e8400-e29b-41d4-a716-446655440010', 'b50e8400-e29b-41d4-a716-446655440010'), -- HyperX Headset
('c50e8400-e29b-41d4-a716-446655440011', 'b50e8400-e29b-41d4-a716-446655440007'); -- Corsair RAM

-- =====================================================
-- 8. COMMENTS (30 comments with nested replies)
-- =====================================================
-- Top-level comments
INSERT INTO comments (id, post_id, user_id, content, upvote_count, downvote_count, created_at) VALUES
-- Post 1 comments
('950e8400-e29b-41d4-a716-446655440001', 'c50e8400-e29b-41d4-a716-446655440001', '550e8400-e29b-41d4-a716-446655440002', 'Laptop này mình đang dùng, hiệu năng rất tốt cho gaming!', 5, 0, NOW() - INTERVAL '4 days'),
('950e8400-e29b-41d4-a716-446655440002', 'c50e8400-e29b-41d4-a716-446655440001', '550e8400-e29b-41d4-a716-446655440003', 'Pin có trụ được bao lâu khi chơi game không bạn?', 2, 0, NOW() - INTERVAL '4 days'),
('950e8400-e29b-41d4-a716-446655440003', 'c50e8400-e29b-41d4-a716-446655440001', '550e8400-e29b-41d4-a716-446655440004', 'Nhiệt độ khi chơi game nặng thế nào?', 3, 0, NOW() - INTERVAL '3 days'),

-- Post 2 comments
('950e8400-e29b-41d4-a716-446655440004', 'c50e8400-e29b-41d4-a716-446655440002', '550e8400-e29b-41d4-a716-446655440005', 'G Pro Superlight thật sự xứng đáng top 1!', 8, 0, NOW() - INTERVAL '3 days'),
('950e8400-e29b-41d4-a716-446655440005', 'c50e8400-e29b-41d4-a716-446655440002', '550e8400-e29b-41d4-a716-446655440006', 'Mình thích Razer Viper hơn, nhẹ hơn một chút', 4, 1, NOW() - INTERVAL '3 days'),

-- Post 3 comments
('950e8400-e29b-41d4-a716-446655440006', 'c50e8400-e29b-41d4-a716-446655440003', '550e8400-e29b-41d4-a716-446655440007', 'Build này có chạy được Cyberpunk 2077 max setting không?', 1, 0, NOW() - INTERVAL '2 days'),
('950e8400-e29b-41d4-a716-446655440007', 'c50e8400-e29b-41d4-a716-446655440003', '550e8400-e29b-41d4-a716-446655440008', 'Cảm ơn bài hướng dẫn chi tiết!', 6, 0, NOW() - INTERVAL '2 days'),

-- Post 4 comments
('950e8400-e29b-41d4-a716-446655440008', 'c50e8400-e29b-41d4-a716-446655440004', '550e8400-e29b-41d4-a716-446655440009', 'RTX 4090 quá đắt, 4080 vẫn ngon cho gaming 4K', 12, 2, NOW() - INTERVAL '6 days'),
('950e8400-e29b-41d4-a716-446655440009', 'c50e8400-e29b-41d4-a716-446655440004', '550e8400-e29b-41d4-a716-446655440010', 'Benchmark rất chi tiết, thanks!', 7, 0, NOW() - INTERVAL '6 days'),

-- Post 5 comments
('950e8400-e29b-41d4-a716-446655440010', 'c50e8400-e29b-41d4-a716-446655440005', '550e8400-e29b-41d4-a716-446655440002', '7950X vs Intel 13900K thì nên chọn cái nào?', 9, 1, NOW() - INTERVAL '5 days');

-- Nested replies (parent_id references top-level comments)
INSERT INTO comments (id, post_id, user_id, parent_id, content, upvote_count, downvote_count, created_at) VALUES
-- Replies to Post 1 comments
('950e8400-e29b-41d4-a716-446655440011', 'c50e8400-e29b-41d4-a716-446655440001', '550e8400-e29b-41d4-a716-446655440003', '950e8400-e29b-41d4-a716-446655440002', 'Khoảng 3-4 giờ thôi bạn, chơi game nặng thì nên cắm sạc', 4, 0, NOW() - INTERVAL '4 days'),
('950e8400-e29b-41d4-a716-446655440012', 'c50e8400-e29b-41d4-a716-446655440001', '550e8400-e29b-41d4-a716-446655440002', '950e8400-e29b-41d4-a716-446655440003', 'Nhiệt độ khoảng 75-80°C, khá mát cho laptop gaming', 3, 0, NOW() - INTERVAL '3 days'),

-- Replies to Post 2 comments
('950e8400-e29b-41d4-a716-446655440013', 'c50e8400-e29b-41d4-a716-446655440002', '550e8400-e29b-41d4-a716-446655440007', '950e8400-e29b-41d4-a716-446655440005', 'Razer Viper cũng tốt nhưng pin không bằng G Pro', 2, 0, NOW() - INTERVAL '3 days'),

-- Replies to Post 3 comments
('950e8400-e29b-41d4-a716-446655440014', 'c50e8400-e29b-41d4-a716-446655440003', '550e8400-e29b-41d4-a716-446655440004', '950e8400-e29b-41d4-a716-446655440006', 'Chạy high được, ultra thì hơi lag một chút', 2, 0, NOW() - INTERVAL '2 days'),

-- Replies to Post 4 comments
('950e8400-e29b-41d4-a716-446655440015', 'c50e8400-e29b-41d4-a716-446655440004', '550e8400-e29b-41d4-a716-446655440003', '950e8400-e29b-41d4-a716-446655440008', 'Đúng rồi, 4080 đã quá đủ cho 4K gaming', 5, 0, NOW() - INTERVAL '6 days'),

-- Replies to Post 5 comments
('950e8400-e29b-41d4-a716-446655440016', 'c50e8400-e29b-41d4-a716-446655440005', '550e8400-e29b-41d4-a716-446655440005', '950e8400-e29b-41d4-a716-446655440010', 'Nếu chơi game thì Intel, còn render/stream thì AMD', 8, 1, NOW() - INTERVAL '5 days'),

-- More comments on other posts
('950e8400-e29b-41d4-a716-446655440017', 'c50e8400-e29b-41d4-a716-446655440006', '550e8400-e29b-41d4-a716-446655440008', NULL, 'Bài viết rất hữu ích cho người mới!', 4, 0, NOW() - INTERVAL '1 day'),
('950e8400-e29b-41d4-a716-446655440018', 'c50e8400-e29b-41d4-a716-446655440007', '550e8400-e29b-41d4-a716-446655440009', NULL, 'Mình vừa mua màn hình 4K 144Hz, đáng đồng tiền!', 6, 0, NOW() - INTERVAL '7 days'),
('950e8400-e29b-41d4-a716-446655440019', 'c50e8400-e29b-41d4-a716-446655440010', '550e8400-e29b-41d4-a716-446655440002', NULL, 'Cloud Alpha Wireless pin trâu thật', 5, 0, NOW() - INTERVAL '9 days'),
('950e8400-e29b-41d4-a716-446655440020', 'c50e8400-e29b-41d4-a716-446655440015', '550e8400-e29b-41d4-a716-446655440006', NULL, 'AMD đang thống trị phân khúc này', 11, 3, NOW() - INTERVAL '14 days');

-- =====================================================
-- 9. USER INTERACTIONS (Votes, Bookmarks, Follows)
-- =====================================================

-- Post Votes
INSERT INTO post_votes (user_id, post_id, vote_type) VALUES
-- User 2 votes
('550e8400-e29b-41d4-a716-446655440002', 'c50e8400-e29b-41d4-a716-446655440001', 1),
('550e8400-e29b-41d4-a716-446655440002', 'c50e8400-e29b-41d4-a716-446655440002', 1),
('550e8400-e29b-41d4-a716-446655440002', 'c50e8400-e29b-41d4-a716-446655440004', 1),
-- User 3 votes
('550e8400-e29b-41d4-a716-446655440003', 'c50e8400-e29b-41d4-a716-446655440002', 1),
('550e8400-e29b-41d4-a716-446655440003', 'c50e8400-e29b-41d4-a716-446655440005', 1),
('550e8400-e29b-41d4-a716-446655440003', 'c50e8400-e29b-41d4-a716-446655440015', -1),
-- User 4 votes
('550e8400-e29b-41d4-a716-446655440004', 'c50e8400-e29b-41d4-a716-446655440003', 1),
('550e8400-e29b-41d4-a716-446655440004', 'c50e8400-e29b-41d4-a716-446655440004', 1),
-- User 5 votes
('550e8400-e29b-41d4-a716-446655440005', 'c50e8400-e29b-41d4-a716-446655440001', 1),
('550e8400-e29b-41d4-a716-446655440005', 'c50e8400-e29b-41d4-a716-446655440010', 1);

-- Comment Votes
INSERT INTO comment_votes (user_id, comment_id, vote_type) VALUES
('550e8400-e29b-41d4-a716-446655440002', '950e8400-e29b-41d4-a716-446655440001', 1),
('550e8400-e29b-41d4-a716-446655440003', '950e8400-e29b-41d4-a716-446655440004', 1),
('550e8400-e29b-41d4-a716-446655440004', '950e8400-e29b-41d4-a716-446655440008', 1),
('550e8400-e29b-41d4-a716-446655440005', '950e8400-e29b-41d4-a716-446655440010', 1);

-- Bookmarks
INSERT INTO bookmarks (user_id, post_id) VALUES
('550e8400-e29b-41d4-a716-446655440002', 'c50e8400-e29b-41d4-a716-446655440003'),
('550e8400-e29b-41d4-a716-446655440002', 'c50e8400-e29b-41d4-a716-446655440004'),
('550e8400-e29b-41d4-a716-446655440003', 'c50e8400-e29b-41d4-a716-446655440001'),
('550e8400-e29b-41d4-a716-446655440003', 'c50e8400-e29b-41d4-a716-446655440005'),
('550e8400-e29b-41d4-a716-446655440004', 'c50e8400-e29b-41d4-a716-446655440003'),
('550e8400-e29b-41d4-a716-446655440004', 'c50e8400-e29b-41d4-a716-446655440015'),
('550e8400-e29b-41d4-a716-446655440005', 'c50e8400-e29b-41d4-a716-446655440010');

-- User Follows (following creators)
INSERT INTO user_follows (follower_id, following_id) VALUES
('550e8400-e29b-41d4-a716-446655440002', '650e8400-e29b-41d4-a716-446655440001'),
('550e8400-e29b-41d4-a716-446655440002', '650e8400-e29b-41d4-a716-446655440002'),
('550e8400-e29b-41d4-a716-446655440003', '650e8400-e29b-41d4-a716-446655440001'),
('550e8400-e29b-41d4-a716-446655440003', '650e8400-e29b-41d4-a716-446655440003'),
('550e8400-e29b-41d4-a716-446655440004', '650e8400-e29b-41d4-a716-446655440002'),
('550e8400-e29b-41d4-a716-446655440004', '650e8400-e29b-41d4-a716-446655440004'),
('550e8400-e29b-41d4-a716-446655440005', '650e8400-e29b-41d4-a716-446655440001'),
('550e8400-e29b-41d4-a716-446655440005', '650e8400-e29b-41d4-a716-446655440005');

-- =====================================================
-- 10. SQUADS (Communities)
-- =====================================================
INSERT INTO squads (id, name, slug, description, avatar_url, banner_url, member_count, post_count, created_by, created_at) VALUES
('a50e8400-e29b-41d4-a716-446655440001', 'PC Builders Vietnam', 'pc-builders-vn', 'Cộng đồng những người đam mê build PC', 'https://i.pravatar.cc/150?u=squad1', 'https://picsum.photos/1200/300?random=1', 150, 45, '550e8400-e29b-41d4-a716-446655440002', NOW() - INTERVAL '3 months'),
('a50e8400-e29b-41d4-a716-446655440002', 'Gaming Gear Reviews', 'gaming-gear-reviews', 'Review gaming gear từ cộng đồng', 'https://i.pravatar.cc/150?u=squad2', 'https://picsum.photos/1200/300?random=2', 220, 67, '550e8400-e29b-41d4-a716-446655440003', NOW() - INTERVAL '4 months'),
('a50e8400-e29b-41d4-a716-446655440003', 'Laptop Gaming Club', 'laptop-gaming-club', 'Câu lạc bộ laptop gaming', 'https://i.pravatar.cc/150?u=squad3', 'https://picsum.photos/1200/300?random=3', 180, 52, '550e8400-e29b-41d4-a716-446655440004', NOW() - INTERVAL '2 months'),
('a50e8400-e29b-41d4-a716-446655440004', 'Overclockers VN', 'overclockers-vn', 'Cộng đồng ép xung PC', 'https://i.pravatar.cc/150?u=squad4', 'https://picsum.photos/1200/300?random=4', 95, 28, '550e8400-e29b-41d4-a716-446655440005', NOW() - INTERVAL '1 month'),
('a50e8400-e29b-41d4-a716-446655440005', 'Budget PC Builds', 'budget-pc-builds', 'Build PC giá rẻ hiệu năng cao', 'https://i.pravatar.cc/150?u=squad5', 'https://picsum.photos/1200/300?random=5', 310, 89, '550e8400-e29b-41d4-a716-446655440006', NOW() - INTERVAL '5 months');

-- Squad Members
INSERT INTO squad_members (squad_id, user_id, role) VALUES
-- PC Builders VN
('a50e8400-e29b-41d4-a716-446655440001', '550e8400-e29b-41d4-a716-446655440002', 'owner'),
('a50e8400-e29b-41d4-a716-446655440001', '550e8400-e29b-41d4-a716-446655440003', 'member'),
('a50e8400-e29b-41d4-a716-446655440001', '550e8400-e29b-41d4-a716-446655440004', 'member'),
-- Gaming Gear Reviews
('a50e8400-e29b-41d4-a716-446655440002', '550e8400-e29b-41d4-a716-446655440003', 'owner'),
('a50e8400-e29b-41d4-a716-446655440002', '550e8400-e29b-41d4-a716-446655440005', 'moderator'),
('a50e8400-e29b-41d4-a716-446655440002', '550e8400-e29b-41d4-a716-446655440006', 'member'),
-- Laptop Gaming Club
('a50e8400-e29b-41d4-a716-446655440003', '550e8400-e29b-41d4-a716-446655440004', 'owner'),
('a50e8400-e29b-41d4-a716-446655440003', '550e8400-e29b-41d4-a716-446655440007', 'member'),
-- Overclockers VN
('a50e8400-e29b-41d4-a716-446655440004', '550e8400-e29b-41d4-a716-446655440005', 'owner'),
('a50e8400-e29b-41d4-a716-446655440004', '550e8400-e29b-41d4-a716-446655440008', 'member'),
-- Budget PC Builds
('a50e8400-e29b-41d4-a716-446655440005', '550e8400-e29b-41d4-a716-446655440006', 'owner'),
('a50e8400-e29b-41d4-a716-446655440005', '550e8400-e29b-41d4-a716-446655440009', 'member'),
('a50e8400-e29b-41d4-a716-446655440005', '550e8400-e29b-41d4-a716-446655440010', 'member');

-- =====================================================
-- 11. GAMIFICATION (Achievements & Badges)
-- =====================================================

-- Achievements
INSERT INTO achievements (id, name, description, icon_name, xp_reward, requirement_type, requirement_value) VALUES
('d50e8400-e29b-41d4-a716-446655440001', 'First Post', 'Tạo bài viết đầu tiên', 'file-plus', 100, 'posts_created', 1),
('d50e8400-e29b-41d4-a716-446655440002', '10 Posts', 'Tạo 10 bài viết', 'files', 500, 'posts_created', 10),
('d50e8400-e29b-41d4-a716-446655440003', 'First Comment', 'Comment đầu tiên', 'message-circle', 50, 'comments_made', 1),
('d50e8400-e29b-41d4-a716-446655440004', 'Helpful', 'Nhận 50 upvotes', 'thumbs-up', 300, 'upvotes_received', 50),
('d50e8400-e29b-41d4-a716-446655440005', 'Popular', 'Nhận 100 upvotes', 'trending-up', 800, 'upvotes_received', 100),
('d50e8400-e29b-41d4-a716-446655440006', '7 Day Streak', 'Hoạt động 7 ngày liên tiếp', 'flame', 200, 'streak_days', 7),
('d50e8400-e29b-41d4-a716-446655440007', '30 Day Streak', 'Hoạt động 30 ngày liên tiếp', 'zap', 1000, 'streak_days', 30);

-- Badges
INSERT INTO badges (id, name, description, icon_name, rarity) VALUES
('e50e8400-e29b-41d4-a716-446655440001', 'Early Adopter', 'Người dùng đầu tiên của platform', 'star', 'legendary'),
('e50e8400-e29b-41d4-a716-446655440002', 'Top Contributor', 'Đóng góp nhiều bài viết chất lượng', 'award', 'epic'),
('e50e8400-e29b-41d4-a716-446655440003', 'Verified Reviewer', 'Reviewer đã được xác minh', 'badge-check', 'rare'),
('e50e8400-e29b-41d4-a716-446655440004', 'Community Hero', 'Giúp đỡ cộng đồng tích cực', 'heart', 'epic'),
('e50e8400-e29b-41d4-a716-446655440005', 'Tech Expert', 'Chuyên gia công nghệ', 'cpu', 'rare');

-- User Achievements
INSERT INTO user_achievements (user_id, achievement_id) VALUES
('550e8400-e29b-41d4-a716-446655440002', 'd50e8400-e29b-41d4-a716-446655440001'),
('550e8400-e29b-41d4-a716-446655440002', 'd50e8400-e29b-41d4-a716-446655440003'),
('550e8400-e29b-41d4-a716-446655440002', 'd50e8400-e29b-41d4-a716-446655440006'),
('550e8400-e29b-41d4-a716-446655440003', 'd50e8400-e29b-41d4-a716-446655440001'),
('550e8400-e29b-41d4-a716-446655440003', 'd50e8400-e29b-41d4-a716-446655440004');

-- User Badges
INSERT INTO user_badges (user_id, badge_id) VALUES
('550e8400-e29b-41d4-a716-446655440001', 'e50e8400-e29b-41d4-a716-446655440001'),
('550e8400-e29b-41d4-a716-446655440001', 'e50e8400-e29b-41d4-a716-446655440004'),
('550e8400-e29b-41d4-a716-446655440002', 'e50e8400-e29b-41d4-a716-446655440001'),
('550e8400-e29b-41d4-a716-446655440002', 'e50e8400-e29b-41d4-a716-446655440002'),
('550e8400-e29b-41d4-a716-446655440003', 'e50e8400-e29b-41d4-a716-446655440003');

-- =====================================================
-- Update tag post_count based on actual relationships
-- =====================================================
UPDATE tags SET post_count = (
    SELECT COUNT(*) FROM post_tags WHERE post_tags.tag_id = tags.id
);

-- =====================================================
-- ✅ SAMPLE DATA COMPLETE
-- =====================================================
-- Summary:
-- - 10 Users with profiles, preferences, levels, streaks
-- - 5 Creators (YouTubers/Bloggers)
-- - 15 Tags
-- - 10 Products
-- - 5 Sources (YouTube channels, RSS feeds)
-- - 20 Posts (articles, reviews, videos, tutorials)
-- - 30 Comments (with nested replies)
-- - 5 Squads (communities)
-- - Post-Creator, Post-Tag, Post-Product relationships
-- - User votes, bookmarks, follows
-- - Gamification: Achievements & Badges
-- =====================================================
